ID,brand,model,processor_brand,processor_name,processor_gnrtn,ram_gb,ram_type,ssd,hdd,os,os_bit,graphic_card_gb,weight,display_size,warranty,Touchscreen,msoffice,latest_price,old_price,discount,star_rating,ratings,reviews
1,ASUS,VivoBook,Intel,Core i3,10th,8,DDR4,512,0,Windows,64,0,Casual,15.6,1,No,No,37990,50990,25,4.3,990,108
2,ASUS,Vivobook,Intel,Core i3,10th,8,DDR4,0,1024,Windows,64,0,Casual,14.1,1,No,No,32890,46990,30,3.9,28,4
3,HP,Core,Intel,Core i3,11th,8,DDR4,512,0,Windows,64,0,ThinNlight,15.6,1,No,Yes,42990,57330,25,4.4,158,18
4,HP,Core,Intel,Core i5,11th,8,DDR4,512,0,Windows,64,0,ThinNlight,15.6,0,No,No,54990,70171,21,4.2,116,15
5,Lenovo,IdeaPad,Intel,Core i3,10th,8,DDR4,0,1024,Windows,64,0,ThinNlight,15.6,1,No,Yes,35990,57290,37,4,2124,233
7,ASUS,Core,Intel,Core i3,11th,4,DDR4,256,0,Windows,64,0,ThinNlight,14,0,No,No,34429,49990,31,4.1,37,6
8,DELL,Vostro,Intel,Core i3,10th,8,DDR4,256,1024,Windows,64,0,ThinNlight,15.6,1,No,Yes,41490,54782,24,5,7,5
9,Lenovo,IdeaPad,Intel,Core i3,10th,8,DDR4,256,0,Windows,32,0,ThinNlight,15.6,2,No,Yes,37990,57990,34,4.3,2080,235
10,HP,Core,Intel,Core i5,11th,8,DDR4,512,0,Windows,64,0,ThinNlight,15.6,1,No,No,53990,70171,23,4.1,206,17
13,Lenovo,Ideapad,Intel,Core i5,11th,8,DDR4,512,0,Windows,64,0,Casual,14,2,No,Yes,52990,74390,28,4.2,300,24
14,ASUS,VivoBook,Intel,Core i3,11th,4,DDR4,256,0,Windows,32,0,Casual,15.6,1,No,Yes,35990,49990,28,4.3,1479,181
16,ASUS,VivoBook,Intel,Core i3,10th,8,DDR4,256,0,Windows,64,0,ThinNlight,14,0,No,No,33980,46990,27,4.4,67,3
17,HP,Pavilion,Intel,Core i5,11th,16,DDR4,512,0,Windows,64,0,ThinNlight,14,1,No,Yes,67990,78294,13,4.5,108,6
18,HP,Core,Intel,Core i3,11th,8,DDR4,256,0,Windows,64,0,ThinNlight,14,1,No,Yes,39990,50085,20,4.2,273,30
22,ASUS,VivoBook,Intel,Core i7,10th,16,DDR4,512,0,Windows,64,0,Casual,15.6,1,No,No,57990,80990,28,4.3,76,9
23,HP,Core,Intel,Core i3,11th,8,DDR4,512,0,Windows,64,0,ThinNlight,15.6,1,No,Yes,42990,49590,13,4.3,681,59
25,DELL,Vostro,Intel,Core i3,10th,8,DDR4,256,0,Windows,64,0,ThinNlight,14,1,No,Yes,39490,43312,8,4.3,1267,171
26,DELL,Inspiron,Intel,Core i3,11th,8,DDR4,256,1024,Windows,64,0,Casual,15.6,0,No,No,45490,60371,24,4.3,207,16
28,MSI,GF63,Intel,Core i7,10th,8,DDR4,256,1024,Windows,64,4,Casual,15.6,2,No,No,63990,83990,23,4.3,794,83
29,ASUS,TUF,Intel,Core i5,10th,8,DDR4,512,0,Windows,64,4,Gaming,15.6,1,No,No,57990,81990,29,4.5,3712,412
31,Lenovo,Ideapad,Intel,Core i5,11th,16,DDR4,512,0,Windows,64,0,ThinNlight,15.6,1,No,Yes,62300,101390,38,4.4,825,95
32,realme,Book(Slim),Intel,Core i5,11th,8,DDR4,512,0,Windows,64,0,Casual,14,1,No,Yes,52990,69999,24,4.4,3470,505
35,ASUS,VivoBook,Intel,Core i5,11th,8,DDR4,256,1024,Windows,32,0,Casual,15.6,1,No,Yes,50990,70990,28,4.3,1188,127
36,ASUS,Vivobook,Intel,Core i7,10th,8,DDR4,512,0,Windows,64,4,Gaming,15.6,0,No,No,61990,88990,30,4.5,11,2
37,MSI,GF65,Intel,Core i7,10th,16,DDR4,1024,0,Windows,64,6,Casual,15.6,2,No,No,84990,123990,31,4.4,498,64
39,ASUS,Vivobook,Intel,Core i5,10th,8,DDR4,256,1024,Windows,64,4,Gaming,15.6,0,No,No,55990,81990,31,4.5,23,0
40,HP,Pavilion,Intel,Core i3,11th,8,DDR4,256,0,Windows,64,0,Casual,14,1,Yes,Yes,53990,63510,14,4.6,14,0
42,Lenovo,Core,Intel,Core i5,11th,8,DDR4,512,0,Windows,64,0,ThinNlight,15.6,1,No,No,52990,84890,37,0,0,0
43,acer,Aspire,Intel,Core i3,11th,8,DDR4,256,0,Windows,64,0,ThinNlight,15.6,1,No,No,38990,52999,26,0,0,0
44,realme,Book,Intel,Core i3,11th,8,DDR4,256,0,Windows,64,0,ThinNlight,14,1,No,Yes,46990,54999,14,4.4,6352,1014
45,ASUS,VivoBook,Intel,Core i3,10th,4,DDR4,512,0,Windows,64,0,Casual,15.6,1,No,No,35990,49990,28,4.4,130,12
47,Lenovo,IdeaPad,Intel,Core i5,11th,8,DDR4,512,0,Windows,64,0,ThinNlight,15.6,2,No,Yes,51990,88990,41,4.2,85,4
49,Lenovo,IdeaPad,Intel,Core i5,11th,16,DDR4,512,0,Windows,64,0,ThinNlight,14,0,No,No,61990,97890,36,4.2,56,7
51,DELL,Inspiron,Intel,Core i3,11th,8,DDR4,0,1024,Windows,64,0,ThinNlight,15.6,0,No,No,42490,50693,16,4,276,40
57,Lenovo,Ideapad,Intel,Core i5,11th,8,DDR4,256,0,Windows,64,0,Casual,15.6,2,No,Yes,49490,75390,34,4.3,365,35
58,ASUS,VivoBook,Intel,Core i3,11th,8,DDR4,512,0,Windows,64,0,Casual,14,1,No,No,42990,57990,25,4.3,30,4
61,ASUS,Core,Intel,Core i3,11th,8,DDR4,256,0,Windows,64,0,ThinNlight,15.6,1,No,No,37990,52990,28,4.3,284,39
62,ASUS,Vivobook,Intel,Core i3,11th,8,DDR4,256,0,Windows,64,0,Casual,14,1,No,Yes,37890,51990,27,4.6,44,5
63,RedmiBook,Pro,Intel,Core i5,11th,8,DDR4,512,0,Windows,32,0,ThinNlight,15.6,1,No,No,48990,59990,18,4.2,1708,242
66,Lenovo,IdeaPad,Intel,Core i3,11th,8,DDR4,256,0,Windows,64,0,ThinNlight,14,1,No,No,38990,60890,35,4.2,33,4
67,ASUS,VivoBook,Intel,Core i5,11th,8,LPDDR4X,512,0,Windows,32,0,Casual,14,1,Yes,Yes,63990,82990,22,4.6,10,1
68,ASUS,VivoBook,Intel,Core i3,11th,8,LPDDR4X,512,0,Windows,32,0,Casual,14,1,Yes,Yes,51990,67990,23,4.7,6,2
69,Lenovo,ThinkPad,Intel,Core i5,11th,8,DDR4,512,0,Windows,64,0,Casual,15.6,1,No,Yes,65990,78109,15,4.6,17,4
70,Nokia,PureBook,Intel,Core i5,10th,8,DDR4,512,0,Windows,64,0,ThinNlight,14,0,No,No,47990,90000,46,4.4,1119,242
72,ASUS,VivoBook,Intel,Core i3,11th,8,DDR4,512,0,Windows,64,0,Casual,15.6,1,No,No,48990,62990,22,4.5,174,30
73,acer,Aspire,Intel,Core i5,11th,8,DDR4,512,0,Windows,64,0,ThinNlight,15.6,1,No,No,52990,75999,30,4.2,155,20
75,acer,Predator,Intel,Core i7,11th,16,DDR4,512,1024,Windows,64,4,Casual,15.6,1,No,No,92990,130990,29,4.5,214,37
77,Lenovo,IdeaPad,Intel,Core i5,10th,8,DDR4,512,0,Windows,64,0,ThinNlight,15.6,1,No,No,49990,79690,37,0,0,0
78,ASUS,ASUS,Intel,Core i5,11th,8,DDR4,512,0,Windows,64,4,Gaming,17.3,0,No,No,71990,115990,37,4.4,91,17
79,Lenovo,IdeaPad,Intel,Core i3,10th,8,DDR4,256,0,Windows,64,0,ThinNlight,14,0,No,No,37990,57990,34,4.2,286,36
80,ASUS,VivoBook,Intel,Core i5,10th,8,DDR4,512,0,Windows,64,0,Casual,15.6,1,No,No,47990,62990,23,4,35,2
81,ASUS,ASUS,Intel,Core i5,11th,8,DDR4,1024,0,Windows,64,4,Gaming,15.6,0,No,No,75990,116990,35,4.5,368,48
82,Nokia,PureBook,Intel,Core i5,10th,8,DDR4,512,0,Windows,64,0,ThinNlight,14,0,No,No,45990,74990,38,4.7,6,1
83,Lenovo,IdeaPad,Intel,Core i5,10th,8,DDR4,512,0,Windows,32,0,ThinNlight,15.6,2,No,Yes,48490,64290,24,4.3,126,13
84,ASUS,ASUS,Intel,Core i5,11th,8,DDR4,512,0,Windows,64,4,Gaming,17.3,0,No,No,72990,105990,31,4.5,74,10
86,MSI,Katana,Intel,Core i5,11th,16,DDR4,512,0,Windows,64,4,Casual,15.6,2,No,No,76990,106990,28,4.6,75,17
89,acer,Aspire,Intel,Core i5,11th,8,DDR4,256,1024,Windows,64,0,Casual,15.6,1,No,No,57990,69999,17,4.6,32,1
90,ASUS,VivoBook,Intel,Core i5,11th,8,DDR4,256,1024,Windows,64,0,Casual,15.6,1,No,No,52990,72990,27,0,0,0
91,DELL,Vostro,Intel,Core i3,11th,8,DDR4,256,0,Windows,64,0,ThinNlight,14.96,1,No,Yes,41990,54510,22,3.6,10,5
93,ASUS,TUF,Intel,Core i5,11th,16,DDR4,512,0,Windows,64,6,Gaming,15.6,1,No,Yes,89990,129990,30,4.6,124,17
94,ASUS,VivoBook,Intel,Core i3,11th,8,DDR4,512,0,Windows,64,0,Casual,14,1,No,No,42990,57990,25,4.5,40,7
96,ASUS,VivoBook,Intel,Core i3,11th,8,DDR4,256,0,Windows,64,0,Casual,15.6,1,No,No,45990,58990,22,4.5,816,147
97,MSI,GF63,Intel,Core i5,10th,8,DDR4,512,0,Windows,64,4,Casual,15.6,2,No,No,59990,83990,28,4.5,1597,228
99,ASUS,Zenbook,Intel,Core i7,11th,16,LPDDR4X,1024,0,Windows,64,2,Casual,14,1,Yes,Yes,104990,146990,28,0,0,0
101,acer,Predator,Intel,Core i7,11th,16,DDR4,512,1024,Windows,32,6,Casual,15.6,1,No,No,119990,140990,14,4.5,342,54
107,DELL,Inspiron,Intel,Core i5,11th,8,DDR4,256,1024,Windows,64,0,Casual,15.6,1,No,No,57990,74833,22,4.2,47,0
108,Lenovo,Core,Intel,Core i3,10th,8,DDR4,512,0,Windows,64,0,ThinNlight,15.6,1,No,No,38990,62190,37,3.9,13,1
110,Lenovo,IdeaPad,Intel,Core i3,11th,8,DDR4,256,0,Windows,64,0,ThinNlight,15.6,1,No,No,39990,61590,35,4.3,543,65
111,ASUS,TUF,Intel,Core i5,10th,8,DDR4,512,0,Windows,64,4,Gaming,15.6,1,No,Yes,65990,89990,26,4.4,3850,378
112,DELL,Inspiron,Intel,Core i5,11th,8,DDR4,512,0,Windows,64,0,Casual,14,0,Yes,No,71990,94201,23,4.7,7,1
113,DELL,Inspiron,Intel,Core i3,11th,8,DDR4,256,0,Windows,64,0,ThinNlight,15.6,0,No,No,42490,59654,28,4.8,9,1
114,DELL,Inspiron,Intel,Core i3,11th,8,DDR4,256,1024,Windows,64,0,Casual,15.6,0,No,No,44490,57479,22,4.3,844,103
115,DELL,Inspiron,Intel,Core i3,11th,8,DDR4,512,0,Windows,64,0,ThinNlight,14.96,0,No,No,45990,60908,24,4.3,184,29
117,ASUS,Vivobook,Intel,Core i3,11th,8,DDR4,256,1024,Windows,64,0,Casual,14.1,1,No,Yes,41890,57990,27,4.2,53,6
122,HP,Core,Intel,Core i3,10th,8,DDR4,512,0,Windows,64,0,ThinNlight,15.6,1,No,Yes,42490,50294,15,4.3,1296,126
125,DELL,Inspiron,Intel,Core i5,11th,8,DDR4,512,0,Windows,64,0,Casual,14,0,Yes,No,71890,92549,22,4.3,3,0
127,MSI,GF63,Intel,Core i7,10th,16,DDR4,512,0,Windows,64,4,Casual,15.6,2,No,No,79990,95990,16,4.5,484,56
129,Lenovo,IdeaPad,Intel,Core i7,10th,8,DDR4,512,0,Windows,64,4,Gaming,15.6,1,No,Yes,68990,99290,30,4.5,44,2
131,Infinix,INBook,Intel,Core i3,10th,8,LPDDR4X,256,0,Windows,64,0,ThinNlight,14,0,No,No,32990,49999,34,4.3,1221,265
132,ASUS,ZenBook,Intel,Core i7,11th,16,LPDDR4X,1024,0,Windows,64,0,Casual,14,1,Yes,No,134990,164990,18,0,0,0
134,Lenovo,IdeaPad,Intel,Core i5,11th,16,DDR4,512,0,Windows,64,0,ThinNlight,15.6,0,No,No,64990,97890,33,0,0,0
135,Mi,Notebook,Intel,Core i7,10th,8,DDR4,512,0,Windows,64,2,Casual,14,1,No,No,59490,65999,9,4.2,399,40
136,HP,Core,Intel,Core i3,11th,8,DDR4,512,0,Windows,64,0,ThinNlight,15.6,1,No,Yes,43970,50196,12,4.3,571,56
137,ASUS,VivoBook,Intel,Core i5,11th,16,DDR4,512,0,Windows,64,0,Casual,14,1,No,No,65990,90990,27,0,0,0
139,DELL,Vostro,Intel,Core i3,10th,4,DDR4,256,0,Windows,64,0,ThinNlight,14,1,No,Yes,36990,40614,8,4.3,1178,137
141,HP,Core,Intel,Core i5,11th,8,DDR4,512,0,Windows,64,0,ThinNlight,15.6,0,No,No,55999,66050,15,4.8,5,1
142,ASUS,Vivobook,Intel,Core i5,11th,16,DDR4,512,0,Windows,64,4,Casual,14,1,No,No,73490,110990,33,4.5,213,45
143,HP,Pavilion,Intel,Core i5,11th,16,DDR4,512,0,Windows,64,0,ThinNlight,14,1,No,Yes,74490,85359,12,4.3,10,0
144,acer,Aspire,Intel,Core i5,11th,8,DDR4,256,1024,Windows,64,0,ThinNlight,15.6,1,No,No,56990,64999,12,4,27,2
146,Lenovo,Ideapad,Intel,Core i3,11th,8,DDR4,256,0,Windows,64,0,Casual,14,1,Yes,Yes,53990,75490,28,4.4,299,41
149,ASUS,VivoBook,Intel,Core i3,11th,8,DDR4,256,0,Windows,64,0,ThinNlight,14,0,No,No,36990,52990,30,4.4,20,1
150,ASUS,Core,Intel,Core i3,10th,4,DDR4,512,0,Windows,64,0,ThinNlight,15.6,1,No,Yes,39990,49990,20,4.3,2551,297
153,Lenovo,IdeaPad,Intel,Core i3,10th,4,DDR4,256,0,Windows,64,0,Casual,15.6,2,No,No,38940,48200,19,4.3,758,64
154,DELL,Inspiron,Intel,Core i3,10th,4,DDR4,256,0,Windows,64,0,Casual,15,1,No,Yes,39490,55490,28,4.4,634,64
156,HP,Pavilion,Intel,Core i5,11th,8,DDR4,512,0,Windows,64,0,ThinNlight,14,1,No,Yes,58340,74839,22,4,69,6
158,acer,Aspire,Intel,Core i5,11th,8,DDR4,512,0,Windows,64,0,ThinNlight,14,1,No,No,55999,75999,26,4.5,6,0
161,acer,Travelmate,Intel,Core i5,11th,8,DDR4,256,1024,Windows,64,0,Casual,14,0,No,No,55490,60000,7,3.8,8,3
163,MSI,Core,Intel,Core i3,11th,8,DDR4,512,0,Windows,64,0,ThinNlight,14,0,No,No,48990,49590,1,4.5,17,3
164,HP,Pavilion,Intel,Core i3,11th,8,DDR4,512,0,Windows,64,0,Casual,14,1,No,Yes,54990,69267,20,4.5,35,3
166,DELL,Inspiron,Intel,Core i5,11th,16,DDR4,512,0,Windows,64,0,ThinNlight,14,0,No,No,67990,89849,24,4.4,93,9
167,DELL,Inspiron,Intel,Core i5,11th,8,DDR4,256,1024,Windows,64,2,Casual,15.6,1,No,No,62490,86199,27,3.9,157,20
168,ASUS,VivoBook,Intel,Core i3,11th,8,DDR4,256,0,Windows,64,0,Casual,15.6,1,No,No,45990,58990,22,4.5,816,147
169,ASUS,VivoBook,Intel,Core i5,11th,16,DDR4,512,0,Windows,64,0,Casual,14,1,No,No,59990,80990,25,4.5,11,2
170,Lenovo,Ideapad,Intel,Core i3,10th,8,DDR4,256,0,Windows,64,0,Casual,15.6,2,No,Yes,39999,59999,33,5,4,0
173,ASUS,TUF,Intel,Core i5,11th,16,DDR4,512,0,Windows,64,6,Casual,15.6,1,No,Yes,82990,104990,20,4.4,262,31
175,Lenovo,IdeaPad,Intel,Core i7,11th,16,DDR4,512,0,Windows,64,0,Casual,14,1,Yes,Yes,85990,125890,31,4.4,77,10
176,DELL,Inspiron,Intel,Core i3,11th,8,DDR4,256,0,Windows,64,0,ThinNlight,15.6,1,No,No,42990,56776,24,4.3,17,2
177,Lenovo,Legion,Intel,Core i7,11th,16,DDR4,512,0,Windows,64,4,Casual,15.6,1,No,Yes,99990,153490,34,4.4,11,3
178,ASUS,ASUS,Intel,Core i7,11th,16,DDR4,1024,0,Windows,64,4,Gaming,15.6,0,No,No,98990,136990,27,4.5,445,56
181,DELL,Vostro,Intel,Core i5,11th,8,DDR4,512,0,Windows,64,2,Casual,14,1,No,Yes,64190,85391,24,0,0,0
184,DELL,Core,Intel,Core i5,11th,16,DDR4,512,0,Windows,64,0,ThinNlight,14,0,No,No,70090,89395,21,4,5,1
185,acer,Aspire,Intel,Core i5,11th,8,DDR4,0,1024,Windows,64,0,Casual,15.6,0,No,No,49990,65999,24,0,0,0
188,DELL,Vostro,Intel,Core i3,11th,4,DDR4,256,1024,Windows,64,0,ThinNlight,14,1,No,Yes,42990,43126,0,4.1,62,7
189,acer,Travelmate,Intel,Core i3,11th,8,DDR4,256,1024,Windows,64,0,Casual,14,0,No,No,40990,60000,31,4.2,38,2
190,ASUS,VivoBook,Intel,Core i5,11th,16,DDR4,256,1024,Windows,64,0,Casual,15.6,1,No,No,64990,85990,24,4.7,10,1
191,DELL,Inspiron,Intel,Core i3,11th,8,DDR4,256,0,Windows,64,0,Casual,14,1,Yes,No,49990,68658,27,4.2,24,5
192,realme,Book(Slim),Intel,Core i5,11th,8,DDR4,512,0,Windows,64,0,Casual,14,1,No,Yes,60999,69999,12,4.4,3470,505
194,ASUS,Core,Intel,Core i5,10th,8,DDR4,512,0,Windows,64,2,ThinNlight,15.6,1,No,No,49990,64990,23,4.1,45,3
195,Lenovo,Ideapad,Intel,Core i5,11th,8,DDR4,256,1024,Windows,64,2,Casual,15.6,1,No,Yes,59990,93690,35,4.3,52,4
200,acer,Predator,Intel,Core i9,11th,32,DDR4,1024,0,Windows,64,8,Casual,15.6,1,No,No,169990,199999,15,0,0,0
201,ASUS,Vivobook,Intel,Core i5,11th,8,DDR4,256,1024,Windows,64,2,Casual,15.6,1,No,Yes,60190,78990,23,4.4,33,4
202,MSI,Core,Intel,Core i3,10th,8,DDR4,512,0,Windows,64,0,ThinNlight,14,0,No,No,40990,55990,26,4.4,118,17
203,MSI,Core,Intel,Core i5,11th,8,DDR4,512,0,Windows,64,0,ThinNlight,14,0,No,No,55490,66990,17,3.9,8,1
205,HP,Spectre,Intel,Core i5,11th,8,LPDDR4X,512,0,Windows,64,0,Casual,13.3,0,Yes,No,97990,114749,14,5,3,1
206,ASUS,Vivobook,Intel,Core i3,11th,8,DDR4,512,0,Windows,64,0,ThinNlight,14.1,1,No,Yes,41990,55990,25,0,0,0
207,Lenovo,IdeaPad,Intel,Core i3,11th,8,DDR4,512,0,Windows,64,0,ThinNlight,14,1,Yes,No,54990,79690,30,4.5,245,34
208,DELL,Vostro,Intel,Core i3,11th,8,DDR4,0,1024,Windows,64,0,ThinNlight,14,0,No,No,42190,44780,5,3.9,250,21
209,acer,Predator,Intel,Core i9,11th,16,DDR4,1024,0,Windows,64,6,Casual,15.6,1,No,No,139990,179999,22,0,0,0
211,DELL,Vostro,Intel,Core i3,10th,8,DDR4,0,1024,Windows,64,0,ThinNlight,14,1,No,Yes,39490,54517,27,4,1917,189
215,ASUS,VivoBook,Intel,Core i3,11th,8,DDR4,512,0,Windows,64,0,Casual,14,1,No,Yes,44990,46390,3,4.4,2058,305
216,HP,Core,Intel,Core i3,11th,8,DDR4,512,0,Windows,64,0,Casual,15.6,1,No,No,41250,46602,11,4.1,117,11
219,HP,Core,Intel,Core i3,11th,8,DDR4,512,0,Windows,64,0,ThinNlight,14,0,No,No,44990,52900,14,0,0,0
221,ASUS,Vivobook,Intel,Core i5,9th,8,DDR4,512,0,Windows,64,4,Gaming,15.6,1,No,Yes,54990,76990,28,4.4,1681,227
224,Lenovo,Thinkbook,Intel,Core i5,11th,8,DDR4,512,0,Windows,64,0,ThinNlight,15,1,No,Yes,59990,115167,47,4.3,37,2
225,DELL,Vostro,Intel,Core i3,11th,8,DDR4,256,0,Windows,64,0,ThinNlight,14,1,No,Yes,41490,55448,25,4.3,1753,165
226,DELL,Inspiron,Intel,Core i3,11th,8,DDR4,256,0,Windows,64,0,ThinNlight,14.96,0,No,No,41990,57670,27,4.2,216,21
227,ASUS,VivoBook,Intel,Core i3,11th,8,DDR4,512,0,Windows,64,0,Casual,14,1,No,No,42990,57990,25,4.7,74,11
228,ASUS,Vivobook,Intel,Core i5,9th,8,DDR4,256,1024,Windows,64,4,Gaming,15.6,0,No,No,54490,77990,30,4.3,343,47
230,Lenovo,Legion,Intel,Core i5,9th,8,DDR4,256,1024,Windows,64,4,Casual,15.6,1,No,Yes,60990,86690,29,4.3,131,17
231,Lenovo,IdeaPad,Intel,Core i5,11th,8,DDR4,512,0,Windows,64,0,ThinNlight,15.6,1,No,Yes,53990,79890,32,4.2,61,2
232,HP,Pavilion,Intel,Core i5,11th,16,DDR4,512,0,Windows,64,0,ThinNlight,14,1,No,Yes,66999,79445,15,4.4,17,1
234,Infinix,X1,Intel,Core i7,10th,16,LPDDR4X,512,0,Windows,64,8,Casual,14,0,No,No,54990,69999,21,4.3,57,14
235,DELL,Core,Intel,Core i3,11th,8,DDR4,512,0,Windows,64,0,Casual,14,1,Yes,No,60790,78307,22,4.4,10,1
237,DELL,Inspiron,Intel,Core i3,11th,8,DDR4,256,1024,Windows,64,0,ThinNlight,15.6,1,No,No,48990,59990,18,4.1,724,92
243,acer,Intel,Intel,Core i5,11th,8,LPDDR4X,512,0,Windows,64,0,ThinNlight,14,1,No,Yes,60990,89999,32,4.4,17,1
244,DELL,Inspiron,Intel,Core i5,11th,4,DDR4,256,1024,Windows,64,0,ThinNlight,14.9,1,No,Yes,55790,60078,7,4.2,41,4
245,acer,Aspire,Intel,Core i5,11th,8,DDR4,0,1024,Windows,64,0,ThinNlight,14,1,No,No,46990,56999,17,3.8,253,28
247,ASUS,VivoBook,Intel,Core i5,11th,16,DDR4,256,1024,Windows,64,0,Casual,15.6,1,No,Yes,64990,85990,24,4.3,328,51
248,HP,Core,Intel,Core i3,11th,8,DDR4,512,0,Windows,64,0,Casual,15.6,0,No,No,45650,55202,17,4.1,39,4
249,Lenovo,Ideapad,Intel,Core i3,11th,8,DDR4,256,0,Windows,64,0,ThinNlight,14,1,No,Yes,41990,57290,26,4.4,1084,160
250,HP,15s,Intel,Core i3,11th,8,DDR4,0,1024,Windows,64,0,ThinNlight,15.6,1,No,Yes,43690,48933,10,4.1,4999,490
251,ASUS,TUF,Intel,Core i5,11th,8,DDR4,1024,0,Windows,64,4,Gaming,17.3,1,No,Yes,77990,115990,32,4.4,202,26
253,ASUS,Core,Intel,Core i5,11th,16,DDR4,256,1024,Windows,64,0,ThinNlight,17.3,0,No,No,58990,85990,31,4.8,6,1
255,ASUS,Core,Intel,Core i5,10th,8,DDR4,512,0,Windows,64,0,ThinNlight,15.6,1,No,Yes,47990,62990,23,4.3,1625,152
259,HP,Core,Intel,Core i5,11th,8,DDR4,512,0,Windows,32,0,ThinNlight,14,1,No,Yes,59999,81684,26,4,4,1
260,ASUS,Vivobook,Intel,Core i7,10th,16,DDR4,256,1024,Windows,64,4,Gaming,15.6,0,No,No,66990,97990,31,4.2,25,4
261,ASUS,VivoBook,Intel,Core i7,11th,8,DDR4,512,0,Windows,64,0,Casual,14,1,No,Yes,77990,96990,19,4.3,21,5
262,DELL,G15,Intel,Core i5,10th,16,DDR4,512,0,Windows,64,4,Casual,15.6,1,No,No,79990,103102,22,0,0,0
264,Lenovo,IdeaPad,Intel,Core i7,11th,8,DDR4,512,0,Windows,64,4,Gaming,15.6,0,No,No,79990,118890,32,4,5,2
265,DELL,Vostro,Intel,Core i3,10th,8,DDR4,512,0,Windows,64,0,ThinNlight,14,1,No,Yes,41990,49826,15,3.9,29,7
267,ASUS,TUF,Intel,Core i5,10th,8,DDR4,512,0,Windows,64,4,Gaming,15.6,1,No,No,63990,74990,14,0,0,0
268,HP,Pavilion,Intel,Core i5,11th,8,DDR4,512,0,Windows,64,0,ThinNlight,15.6,1,No,Yes,63990,77327,17,4.7,17,1
269,Infinix,INBook,Intel,Core i3,10th,8,LPDDR4X,256,0,Windows,64,0,ThinNlight,14,0,No,No,32990,49999,34,4.3,1221,265
271,ASUS,ROG,Intel,Core i5,10th,8,DDR4,1024,0,Windows,64,4,Casual,15.6,1,No,No,77990,149990,48,4.5,187,26
273,ASUS,VivoBook,Intel,Core i5,11th,16,DDR4,512,0,Windows,64,0,Casual,14,1,No,No,59990,80990,25,0,0,0
274,DELL,Inspiron,Intel,Core i3,10th,8,DDR4,512,0,Windows,64,0,ThinNlight,15.6,1,No,No,45490,60046,24,4.2,43,4
275,Lenovo,IdeaPad,Intel,Core i5,11th,8,DDR4,512,0,Windows,64,0,ThinNlight,14,1,No,No,55990,89790,37,0,0,0
276,ASUS,VivoBook,Intel,Core i5,11th,16,DDR4,512,0,Windows,64,0,Casual,14,1,No,No,59990,80990,25,0,0,0
277,ASUS,Vivobook,Intel,Core i3,11th,8,DDR4,512,0,Windows,64,0,ThinNlight,14.1,1,No,Yes,44990,58990,23,0,0,0
278,HP,Pavilion,Intel,Core i5,11th,8,DDR4,512,0,Windows,64,0,ThinNlight,15.6,1,No,Yes,63990,75023,14,4.7,3,0
281,ASUS,Vivobook,Intel,Core i3,10th,4,DDR4,0,1024,Windows,64,0,Casual,15.6,1,No,No,35990,48990,26,3.8,17,0
283,DELL,Vostro,Intel,Core i5,11th,16,DDR4,512,0,Windows,64,2,Casual,14,1,No,Yes,69490,92552,24,0,0,0
284,ASUS,Vivobook,Intel,Core i3,11th,8,DDR4,256,0,Windows,64,0,Casual,15.6,1,No,No,38490,51990,25,3.8,19,3
287,APPLE,MacBook,Intel,Core i5,10th,16,LPDDR4X,1024,0,Mac,64,0,Casual,13,1,No,No,179990,194900,7,4.7,31,3
289,DELL,Inspiron,Intel,Core i5,11th,16,DDR4,512,0,Windows,64,0,Casual,14,1,Yes,Yes,89390,109353,18,0,0,0
290,ASUS,ZenBook,Intel,Core i5,11th,8,LPDDR4X,512,0,Windows,64,0,ThinNlight,13.3,0,No,No,74990,86990,13,0,0,0
291,DELL,Vostro,Intel,Core i5,11th,8,DDR4,256,1024,Windows,64,0,ThinNlight,14,1,No,Yes,54990,80284,31,3.8,353,28
294,HP,Pavilion,Intel,Core i7,11th,16,DDR4,512,0,Windows,64,4,Casual,15.6,1,No,Yes,93190,118776,21,5,4,0
295,Lenovo,Core,Intel,Core i3,11th,4,DDR4,256,0,Windows,64,0,ThinNlight,15,1,No,Yes,38990,51544,24,4.4,106,13
298,Lenovo,Thinkbook,Intel,Core i5,11th,8,DDR4,512,0,Windows,64,0,Casual,14,3,Yes,Yes,64990,151557,57,4,48,12
299,Lenovo,Legion,Intel,Core i5,10th,8,DDR4,512,0,Windows,64,4,Casual,15.6,1,No,Yes,66490,93690,29,4.4,282,36
301,HP,Pavilion,Intel,Core i5,11th,8,DDR4,256,1024,Windows,64,4,Gaming,15.6,1,No,Yes,71990,87717,17,4.3,127,20
303,DELL,Vostro,Intel,Core i5,11th,8,DDR4,0,1024,Windows,64,0,ThinNlight,14,1,No,Yes,48990,70286,30,3.6,470,46
304,DELL,Inspiron,Intel,Core i5,11th,16,DDR4,512,0,Windows,64,2,Casual,15.6,1,No,Yes,89702,0,0,0,0,0
305,Lenovo,ThinkPad,Intel,Core i3,11th,4,DDR4,256,0,Windows,64,0,Casual,15.6,1,No,Yes,44990,59239,24,4.1,42,4
306,ASUS,ZenBook,Intel,Core i7,11th,16,LPDDR4X,512,0,Windows,64,0,Casual,13.3,1,No,Yes,94990,122990,22,0,0,0
307,Lenovo,Thinkbook,Intel,Core i7,11th,16,DDR4,512,0,Windows,64,0,Casual,14,3,Yes,Yes,84990,109696,22,4.5,13,2
309,Lenovo,Ideapad,Intel,Core i5,11th,16,DDR4,512,0,Windows,64,2,Casual,15.6,1,No,Yes,70990,104890,32,4.2,67,4
310,Lenovo,IdeaPad,Intel,Core i3,10th,4,DDR4,256,0,Windows,64,0,ThinNlight,14,0,No,No,36490,53790,32,0,0,0
312,HP,x360,Intel,Core i5,11th,8,DDR4,256,0,Missing,64,0,Casual,14,1,No,No,65390,76436,14,0,0,0
314,Infinix,INBook,Intel,Core i5,10th,8,LPDDR4X,512,0,Windows,64,0,ThinNlight,14,0,No,No,42490,59999,29,4.1,383,65
315,HP,Envy,Intel,Core i7,10th,16,DDR4,1024,0,Windows,64,6,Casual,15.6,1,No,Yes,144690,173453,16,4.2,17,4
316,Lenovo,Core,Intel,Core i3,10th,8,DDR4,0,1024,Windows,32,0,Casual,15.6,0,No,No,38990,55890,30,0,0,0
318,Lenovo,IdeaPad,Intel,Core i3,11th,8,DDR4,512,0,Windows,64,0,ThinNlight,15.6,2,No,Yes,42990,63790,32,4.4,984,99
319,Lenovo,Ideapad,Intel,Core i5,11th,8,DDR4,256,1024,Windows,64,2,Casual,15.6,1,No,Yes,65990,99290,33,4.2,241,19
320,ASUS,VivoBook,Intel,Core i3,10th,4,DDR4,0,1024,Windows,64,0,ThinNlight,15.6,1,No,No,34990,40990,14,3.7,4203,490
323,ASUS,Vivobook,Intel,Core i5,11th,16,DDR4,512,0,Windows,64,0,Casual,17.3,1,Yes,Yes,58990,85990,31,0,0,0
324,Lenovo,Core,Intel,Core i3,10th,8,DDR4,256,0,Windows,32,0,Casual,15.6,0,No,No,38970,56590,31,0,0,0
325,Lenovo,Ideapad,Intel,Core i5,10th,8,DDR4,512,0,Windows,64,2,Casual,15.6,1,No,Yes,57500,86720,33,0,0,0
326,ASUS,Vivobook,Intel,Core i3,11th,8,DDR4,0,1024,Windows,64,0,Casual,15.6,1,No,No,38900,51990,25,3.9,13,0
328,ASUS,ZenBook,Intel,Core i7,11th,16,LPDDR4X,1024,0,Windows,64,0,ThinNlight,13.3,0,No,No,99990,128990,22,0,0,0
329,DELL,Inspiron,Intel,Core i5,11th,8,DDR4,512,0,Windows,64,2,Casual,14,1,Yes,Yes,79990,97946,18,4.6,23,2
333,MSI,Modern,Intel,Core i5,10th,8,DDR4,512,0,Windows,64,0,Casual,14,0,No,No,56541,61990,8,4.4,677,87
334,ASUS,Core,Intel,Core i5,11th,16,DDR4,512,0,Windows,64,0,ThinNlight,17.3,0,No,No,59990,82990,27,3.3,3,0
336,APPLE,MacBook,Intel,Core i5,10th,16,LPDDR4X,1024,0,Mac,64,0,Casual,13,1,No,No,179990,194900,7,4.8,91,5
337,MSI,Core,Intel,Core i7,10th,8,DDR4,512,0,Windows,64,0,ThinNlight,14,0,No,No,57990,78990,26,4.4,15,0
338,Lenovo,ThinkBook,Intel,Core i5,11th,16,DDR4,512,0,Windows,64,0,Casual,13,1,No,Yes,64990,120708,46,4.4,46,4
341,DELL,Core,Intel,Core i5,11th,8,DDR4,512,0,Windows,64,0,ThinNlight,14,1,No,No,61290,73774,16,3,4,1
343,HP,Envy,Intel,Core i7,11th,16,DDR4,512,0,Windows,64,0,Casual,13.3,1,Yes,Yes,102990,114751,10,4.7,11,2
344,Lenovo,Core,Intel,Core i5,11th,8,DDR4,512,0,Windows,64,0,ThinNlight,14,1,No,Yes,54990,66470,17,4.2,9,1
346,DELL,Inspiron,Intel,Core i3,10th,8,DDR4,0,1024,Windows,64,0,ThinNlight,15.6,1,No,No,39990,55534,27,3.8,15,1
347,Lenovo,ThinkBook,Intel,Core i5,11th,8,DDR4,512,0,Windows,64,0,Casual,13,1,No,Yes,59990,112608,46,4.4,26,4
349,ASUS,ASUS,Intel,Core i5,11th,16,DDR4,512,0,Windows,32,6,Casual,15.6,1,No,No,84990,129990,34,5,5,0
350,ASUS,VivoBook,Intel,Core i5,11th,8,DDR4,256,1024,Windows,64,0,Casual,14,1,No,No,49990,72990,31,3.9,22,2
351,HP,15s,Intel,Core i3,11th,8,DDR4,512,0,Windows,64,0,ThinNlight,15.6,1,No,Yes,45490,46990,3,4.3,523,66
353,HP,Pavilion,Intel,Core i5,11th,16,DDR4,512,0,Windows,64,0,ThinNlight,14,1,No,Yes,72500,80900,10,4.4,40,3
354,Lenovo,IdeaPad,Intel,Core i5,11th,8,DDR4,512,0,Windows,64,4,Gaming,15.6,0,No,No,59990,93690,35,3.9,44,6
357,HP,Core,Intel,Core i3,11th,8,DDR4,256,0,Windows,64,0,ThinNlight,15.6,1,No,Yes,44900,51000,11,4.2,1029,107
358,DELL,Core,Intel,Core i7,11th,16,DDR4,512,0,Windows,64,4,Casual,15.6,1,No,No,99990,128665,22,0,0,0
362,Lenovo,Yoga,Intel,Core i5,11th,16,DDR4,512,0,Windows,64,0,Casual,14,1,Yes,Yes,87990,125890,30,4.7,28,6
363,DELL,INSPIRON,Intel,Core i3,10th,8,DDR4,0,1024,Windows,32,0,Casual,14.96,0,No,No,40890,45990,11,4,527,46
364,DELL,Vostro,Intel,Core i3,11th,4,DDR4,256,1024,Windows,64,0,ThinNlight,14,1,No,Yes,43590,59781,27,0,0,0
368,ASUS,ASUS,Intel,Core i7,11th,16,DDR4,512,0,Windows,64,4,Gaming,17.3,0,No,No,94990,101990,6,4.5,118,15
369,DELL,Inspiron,Intel,Core i5,11th,16,DDR4,512,0,Windows,64,0,ThinNlight,15.3,1,No,Yes,69490,69736,0,4.2,72,7
370,Lenovo,Thinkbook,Intel,Core i5,11th,16,DDR4,512,0,Windows,64,0,Casual,14,3,Yes,Yes,68990,159180,56,4.6,44,8
371,Lenovo,Core,Intel,Core i5,11th,16,DDR4,512,0,Windows,32,0,Casual,15.6,1,No,Yes,77990,80366,2,4.3,17,2
373,MSI,Stealth,Intel,Core i7,11th,16,DDR4,1024,0,Windows,64,6,Casual,15.6,2,No,No,119990,162990,26,4.3,20,3
374,HP,Core,Intel,Core i3,10th,8,DDR4,512,0,Windows,32,0,Casual,14.1,0,No,No,38799,47916,19,4.4,30,1
375,ASUS,Zephyrus,Intel,Core i7,11th,16,DDR4,1024,0,Windows,32,4,Casual,16,1,No,No,194990,0,0,0,0,0
376,HP,Envy,Intel,Core i7,11th,16,DDR4,512,0,Windows,64,0,Casual,13.3,1,Yes,Yes,104000,118776,12,0,0,0
378,MSI,Core,Intel,Core i7,11th,8,DDR4,512,0,Windows,64,2,Casual,14,0,No,No,76990,85990,10,0,0,0
380,MSI,Core,Intel,Core i3,10th,8,DDR4,256,0,Windows,64,0,ThinNlight,14,0,No,No,38990,53900,27,4.5,53,11
381,DELL,Vostro,Intel,Core i5,11th,8,DDR4,256,1024,Windows,64,0,ThinNlight,14,1,No,Yes,58990,74066,20,4,8,1
384,MSI,Creator,Intel,Core i9,11th,16,DDR4,1024,0,Windows,64,6,Casual,16,0,No,No,192990,223890,13,0,0,0
386,ASUS,ZenBook,Intel,Core i5,11th,16,LPDDR4X,512,0,Windows,64,0,Casual,14,1,Yes,No,105990,140990,24,4.4,59,11
387,MSI,Prestige,Intel,Core i5,11th,16,LPDDR4X,512,0,Windows,64,0,Casual,14,1,No,No,79990,95990,16,0,0,0
388,Lenovo,Core,Intel,Core i3,10th,8,DDR4,0,1024,Windows,64,0,ThinNlight,15.6,1,No,No,36990,57990,36,3.7,103,10
390,DELL,Vostro,Intel,Core i5,11th,8,DDR4,512,0,Windows,64,0,ThinNlight,14,1,No,Yes,55490,80711,31,4.1,337,27
392,Lenovo,IdeaPad,Intel,Core i5,11th,16,DDR4,512,0,Windows,64,0,ThinNlight,14,1,No,Yes,69990,104890,33,4.6,10,2
394,ASUS,Zenbook,Intel,Core i5,11th,8,DDR4,512,0,Windows,64,0,Casual,13.3,1,Yes,Yes,84990,116990,27,4.2,10,2
395,DELL,Inspiron,Intel,Core i5,11th,8,DDR4,512,0,Windows,64,0,ThinNlight,15.6,0,No,No,59990,76143,21,3.8,31,7
396,HP,15s,Intel,Core i3,11th,8,DDR4,0,1024,Windows,64,0,ThinNlight,15.6,1,No,Yes,39990,45514,12,3.9,324,45
398,ASUS,ZenBook,Intel,Core i7,10th,16,LPDDR3,1024,0,Windows,64,2,Casual,14,1,No,Yes,124990,146990,14,4.6,17,1
400,DELL,XPS,Intel,Core i5,10th,8,LPDDR4X,512,0,Windows,64,0,ThinNlight,13.3,1,No,Yes,111890,154446,27,0,0,0
401,DELL,Inspiron,Intel,Core i7,11th,16,DDR4,1024,0,Windows,64,2,Casual,15.6,0,No,No,122410,0,0,0,0,0
402,DELL,Inspiron,Intel,Core i5,11th,8,DDR4,512,0,Windows,64,2,Casual,15.6,1,No,No,65990,88037,25,4.3,10,0
403,ASUS,Zenbook,Intel,Core i5,11th,8,LPDDR4X,512,0,Windows,32,0,Casual,14,1,No,Yes,72990,90990,19,4.7,76,14
404,HP,Pavilion,Intel,Core i3,11th,8,DDR4,512,0,Windows,64,0,Casual,14,1,Yes,Yes,69267,0,0,0,0,0
405,DELL,Inspiron,Intel,Core i3,10th,8,DDR4,256,1024,Windows,64,0,Casual,15.6,1,No,No,44690,60122,25,4.3,9,0
406,DELL,Inspiron,Intel,Core i5,11th,16,DDR4,512,0,Windows,64,0,ThinNlight,14,1,No,Yes,71090,89849,20,4.1,44,6
407,HP,Spectre,Intel,Core i7,10th,16,DDR4,1024,0,Windows,64,0,Casual,13.3,1,Yes,No,179990,216368,16,4.2,13,5
409,MSI,Katana,Intel,Core i5,11th,8,DDR4,512,0,Windows,64,4,Casual,15.6,2,No,No,74990,95990,21,0,0,0
411,DELL,Vostro,Intel,Core i3,11th,8,DDR4,256,0,Windows,64,0,ThinNlight,14,0,No,No,44427,0,0,0,0,0
413,MSI,Summit,Intel,Core i7,11th,16,DDR4,1024,0,Windows,64,4,Casual,15.6,2,Yes,No,154990,156990,1,4,3,2
415,ASUS,ZenBook,Intel,Core i5,10th,8,LPDDR3,512,0,Windows,64,0,Casual,13.3,1,No,Yes,79990,98990,19,4.4,11,3
417,Lenovo,IdeaPad,Intel,Core i5,10th,8,DDR4,256,1024,Windows,64,4,Gaming,15.6,0,No,No,74590,109990,32,4.4,898,128
418,MSI,Modern,Intel,Core i5,11th,8,DDR4,512,0,Windows,64,0,Casual,14,1,No,No,55490,67990,18,4.3,138,16
419,ASUS,Vivobook,Intel,Core i3,10th,8,DDR4,256,0,Windows,64,0,Casual,14,1,No,No,35990,46990,23,0,0,0
420,acer,Aspire,Intel,Core i5,8th,8,DDR4,0,1024,Windows,64,2,Casual,15.6,1,No,Yes,59999,62511,4,4.1,118,28
421,Lenovo,Yoga,Intel,Core i7,11th,16,LPDDR4X,1024,0,Windows,64,0,Casual,13.3,1,No,Yes,122990,167890,26,3,4,2
422,DELL,Vostro,Intel,Core i5,11th,8,DDR4,512,0,Windows,64,2,ThinNlight,14,1,No,Yes,66490,87168,23,4.1,199,17
423,ASUS,Vivobook,Intel,Core i5,11th,8,DDR4,512,0,Windows,64,0,Casual,15.6,1,No,Yes,53400,69500,23,4.1,46,6
425,acer,Predator,Intel,Core i7,10th,16,DDR4,2048,0,Windows,64,8,Casual,15.6,1,No,No,159990,160190,0,3.8,4,0
427,HP,Pavilion,Intel,Core i7,11th,16,DDR4,512,0,Windows,64,4,Gaming,15.6,1,No,Yes,90190,107262,15,4.3,6,1
428,ASUS,Vivobook,Intel,Core i3,11th,8,DDR4,512,0,Windows,64,0,Casual,15.6,1,No,Yes,51649,62990,18,0,0,0
431,DELL,Inspiron,Intel,Core i5,11th,8,DDR4,512,0,Windows,64,0,Casual,14,1,Yes,Yes,74500,78990,5,4.4,45,5
432,DELL,XPS,Intel,Core i5,11th,16,LPDDR4X,512,0,Windows,64,0,ThinNlight,13.3,1,No,Yes,114990,115729,0,0,0,0
433,HP,Core,Intel,Core i3,11th,8,DDR4,0,1024,Windows,64,0,ThinNlight,15.6,1,No,Yes,41990,47264,11,4,69,5
434,DELL,Vostro,Intel,Core i5,11th,8,DDR4,512,0,Windows,64,2,ThinNlight,14,0,No,No,61990,68859,9,4.1,35,4
435,ASUS,ROG,Intel,Core i5,10th,8,DDR4,1024,0,Windows,64,4,Casual,15.6,0,No,No,82990,107990,23,4.5,844,118
437,APPLE,MacBook,Intel,Core i5,10th,16,LPDDR4X,512,0,Mac,64,0,Casual,13,1,No,No,159990,174900,8,4.4,32,5
438,ASUS,VivoBook,Intel,Core i5,10th,8,DDR4,0,1024,Windows,64,0,ThinNlight,15.6,1,No,No,46990,55990,16,4,1444,179
439,APPLE,MacBook,Intel,Core i5,8th,8,DDR3,512,0,Mac,64,0,Casual,13.3,1,No,No,172090,179900,4,4.2,108,13
441,Lenovo,Core,Intel,Core i7,11th,16,DDR4,512,0,Windows,32,0,Casual,14,0,Yes,No,88488,96995,8,0,0,0
444,MSI,Prestige,Intel,Core i7,10th,16,DDR4,512,0,Windows,64,4,Casual,15.6,1,No,No,109990,134990,18,4.3,138,30
445,MSI,Sword,Intel,Core i5,11th,8,DDR4,512,0,Windows,64,4,Casual,15.6,0,No,No,74990,95990,21,0,0,0
447,ASUS,Core,Intel,Core i7,10th,32,DDR4,1024,0,Windows,64,6,Casual,15.6,1,Yes,No,224990,272990,17,4.7,9,0
450,MSI,Modern,Intel,Core i5,10th,8,DDR4,512,0,Windows,64,0,Casual,14,1,No,No,56490,57240,1,4.5,814,112
451,ASUS,Core,Intel,Core i5,10th,8,DDR4,256,1024,Windows,32,2,Casual,15.6,0,No,No,58990,67990,13,5,1,1
456,MSI,Sword,Intel,Core i7,11th,8,DDR4,512,0,Windows,64,4,Casual,15.6,0,No,No,86990,107990,19,0,0,0
457,Lenovo,ThinkPad,Intel,Core i5,10th,16,DDR4,512,0,Windows,64,0,ThinNlight,13.3,3,No,No,147000,0,0,0,0,0
458,ASUS,TUF,Intel,Core i5,11th,16,DDR4,1024,0,Windows,64,4,Casual,15.6,1,No,No,87990,126990,30,0,0,0
459,HP,Core,Intel,Core i3,11th,8,DDR4,512,0,Windows,64,0,ThinNlight,15.6,1,No,Yes,47990,51165,6,4.3,1605,215
460,acer,Swift,Intel,Core i5,7th,8,DDR3,256,0,Windows,64,0,ThinNlight,13.3,1,No,Yes,86867,99999,13,4.4,39,3
462,Lenovo,Ideapad,Intel,Core i3,10th,4,DDR4,256,0,Windows,64,0,Casual,15.6,1,No,Yes,40200,49999,19,3.9,48,1
463,Lenovo,Ideapad,Intel,Core i5,11th,8,DDR4,512,0,Windows,64,0,ThinNlight,14,1,No,Yes,55990,65438,14,4.2,75,9
464,HP,Pavilion,Intel,Core i5,11th,8,DDR4,512,0,Windows,64,4,Gaming,15.6,1,No,Yes,77990,93565,16,0,0,0
465,MSI,Prestige,Intel,Core i7,11th,16,LPDDR4X,512,0,Windows,64,0,Casual,14,1,No,No,89990,99240,9,0,0,0
466,MSI,Stealth,Intel,Core i7,12th,32,DDR5,1024,0,Windows,64,8,Casual,15.6,0,No,No,279990,313990,10,0,0,0
467,HP,Envy,Intel,Core i5,10th,16,DDR4,512,0,Windows,64,4,Casual,15.6,1,No,Yes,106490,138366,23,4.7,3,0
468,Lenovo,IdeaPad,Intel,Core i5,11th,16,DDR4,512,0,Windows,32,2,Casual,14,1,No,Yes,70990,113290,37,4.6,11,3
469,ASUS,ROG,Intel,Core i9,12th,32,DDR5,1024,0,Windows,64,6,Casual,15.6,0,No,No,299990,376990,20,0,0,0
472,MICROSOFT,Surface,Intel,Core i5,10th,8,LPDDR4X,128,0,Windows,64,0,Casual,13,0,Yes,No,100190,104999,4,4.4,56,8
474,Lenovo,ThinkPad,Intel,Core i5,10th,16,DDR4,512,512,Windows,64,0,ThinNlight,14,3,Yes,No,155411,0,0,0,0,0
475,HP,Spectre,Intel,Core i7,10th,16,LPDDR3,512,0,Windows,64,0,Casual,13.3,1,Yes,Yes,239759,0,0,0,0,0
476,Lenovo,ThinkPad,Intel,Core i5,11th,8,DDR4,512,0,Windows,64,0,Casual,15.6,1,No,Yes,64990,77487,16,4.4,125,11
478,Lenovo,Core,Intel,Core i3,10th,8,DDR4,256,0,Windows,32,0,Casual,14,0,No,No,40990,56800,27,3.7,3,0
479,DELL,Inspiron,Intel,Core i3,10th,8,DDR4,256,0,Windows,64,0,ThinNlight,14.96,1,No,No,42490,54723,22,0,0,0
483,acer,Aspire,Intel,Core i5,11th,8,DDR4,512,0,Windows,64,0,Casual,15.6,1,No,No,57990,65000,10,0,0,0
485,LG,Gram,Intel,Core i5,10th,8,DDR4,256,0,Windows,64,0,Casual,15.6,0,No,No,76990,104000,25,4.5,15,7
486,DELL,Core,Intel,Core i3,11th,8,DDR4,0,1024,Windows,32,0,Casual,15.6,0,No,No,43970,46138,4,3.9,16,0
487,HP,OMEN,Intel,Core i7,11th,16,DDR4,1024,0,Windows,64,4,Casual,16.1,0,No,No,121990,138399,11,0,0,0
489,HP,OMEN,Intel,Core i7,11th,16,DDR4,1024,0,Windows,64,4,Casual,16.1,0,No,No,116990,132717,11,0,0,0
491,ASUS,ExpertBook,Intel,Core i3,10th,8,DDR4,256,1024,Windows,64,0,Casual,15.6,0,No,No,40990,51990,21,0,0,0
492,Lenovo,Legion,Intel,Core i7,11th,16,DDR4,1024,0,Windows,64,6,Casual,16,0,No,No,151098,224490,32,4.4,7,0
493,ASUS,VivoBook,Intel,Core i7,11th,8,DDR4,512,0,Windows,64,2,Casual,15.6,1,No,Yes,78990,104990,24,4.5,35,4
495,DELL,XPS,Intel,Core i7,8th,16,DDR3,512,0,Windows,64,0,ThinNlight,13.3,1,No,Yes,121890,139104,12,1.7,3,0
496,realme,Book,Intel,Core i3,11th,8,DDR4,256,0,Windows,64,0,ThinNlight,14,1,No,Yes,47999,54999,12,4.4,6352,1014
497,ASUS,ExpertBook,Intel,Core i3,11th,4,DDR4,256,0,Missing,64,0,Casual,15.6,0,No,No,35990,42990,16,0,0,0
498,ASUS,TUF,Intel,Core i5,10th,8,DDR4,512,0,Windows,64,4,Gaming,15.6,1,No,No,64990,81990,20,4.5,4,0
499,ASUS,ZenBook,Intel,Core i7,8th,8,LPDDR3,512,0,Windows,64,0,ThinNlight,14,1,No,No,85990,99990,14,4.4,18,0
500,DELL,Vostro,Intel,Core i3,11th,4,DDR4,256,1024,Windows,64,0,ThinNlight,14,1,No,Yes,43990,56743,22,0,0,0
501,MSI,Modern,Intel,Core i5,10th,8,DDR4,512,0,Windows,64,0,Casual,14,1,No,No,54990,61990,11,4.4,714,147
503,DELL,Core,Intel,Core i3,11th,8,DDR4,256,0,Windows,64,0,Casual,14,0,Yes,No,71999,72246,0,4.3,97,13
507,MSI,Katana,Intel,Core i7,11th,16,DDR4,512,0,Windows,64,4,Casual,15.6,2,No,No,94990,117990,19,0,0,0
509,Vaio,SE,Intel,Core i5,8th,8,DDR4,512,0,Windows,64,0,ThinNlight,14,2,No,Yes,62890,84690,25,4,85,14
514,LG,Gram,Intel,Core i5,11th,8,DDR4,256,0,Windows,64,0,ThinNlight,14,0,No,No,76990,106000,27,0,0,0
516,HP,Spectre,Intel,Core i5,11th,16,LPDDR4X,512,0,Windows,64,0,Casual,13.5,0,Yes,No,111999,146194,23,0,0,0
518,ASUS,Vivobook,Intel,Core i3,11th,8,DDR4,256,0,Windows,64,0,Casual,15.6,1,No,No,39990,52990,24,4.4,181,19
519,MSI,Pulse,Intel,Core i7,11th,16,DDR4,1024,0,Windows,64,8,Casual,15.6,2,No,No,129990,179990,27,4.2,14,3
521,Lenovo,Yoga,Intel,Core i5,10th,8,LPDDR4X,512,0,Windows,64,2,Casual,14,1,No,Yes,70798,101090,29,4,21,3
523,Lenovo,Legion,Intel,Core i5,9th,8,DDR4,512,0,Windows,64,4,Casual,15.6,0,No,No,59990,84990,29,3.8,9,1
525,ASUS,VivoBook,Intel,Core i3,10th,4,DDR4,512,0,Windows,64,0,Casual,14,1,No,No,40990,49990,18,4.4,4008,519
526,ASUS,Core,Intel,Core i9,10th,32,DDR4,1024,0,Windows,64,6,Casual,15.6,1,Yes,No,269990,326990,17,4.8,8,1
527,acer,ConceptD,Intel,Core i5,8th,8,DDR4,512,0,Windows,64,4,Casual,15.6,1,No,No,99500,119999,17,0,0,0
528,ASUS,Vivobook,Intel,Core i5,11th,8,DDR4,256,0,Windows,64,0,ThinNlight,14,1,No,No,48990,58990,16,0,0,0
529,HP,Spectre,Intel,Core i7,11th,16,LPDDR4X,1024,0,Windows,64,0,Casual,13.5,1,Yes,No,149999,178464,15,0,0,0
533,ASUS,Vivobook,Intel,Core i5,11th,8,DDR4,256,1024,Windows,64,0,Casual,15.6,1,No,No,64990,81990,20,0,0,0
534,Lenovo,IdeaPad,Intel,Core i3,10th,8,DDR4,256,0,Windows,64,0,Casual,15.6,1,No,Yes,41998,56590,25,4.4,529,39
536,MSI,Core,Intel,Core i7,12th,16,DDR4,1024,0,Windows,64,6,Casual,15.6,0,No,No,139990,156990,10,4.5,4,2
537,ASUS,ZenBook,Intel,Core i5,8th,8,LPDDR3,512,0,Windows,64,0,ThinNlight,13.3,1,No,No,72990,90990,19,4.2,44,4
542,HP,Notebook,Intel,Core i3,11th,8,DDR4,0,1024,Windows,64,0,ThinNlight,14,1,No,No,39790,43296,8,3.9,40,3
544,acer,Predator,Intel,Core i7,11th,16,DDR4,1024,0,Windows,64,6,Casual,15.6,1,No,No,129990,149990,13,4.5,54,7
545,acer,Swift,Intel,Core i5,8th,8,DDR3,512,0,Windows,64,0,ThinNlight,14,1,No,No,64990,87999,26,3.8,4,1
546,ASUS,Core,Intel,Core i5,11th,8,DDR4,512,0,Windows,64,0,ThinNlight,15.6,0,No,No,57990,70990,18,0,0,0
547,HP,OMEN,Intel,Core i7,11th,16,DDR4,1024,0,Windows,64,8,Casual,16.1,1,No,Yes,171990,197862,13,0,0,0
548,ASUS,Core,Intel,Core i3,10th,8,DDR4,512,0,Windows,64,0,ThinNlight,15.6,1,No,Yes,42990,50990,15,4.4,1869,234
549,Smartron,t.book,Intel,Core i5,7th,4,DDR3,128,0,Windows,64,0,Casual,12.2,0,Yes,No,52990,55999,5,3.5,30,9
555,HP,HP,Intel,Core i5,11th,16,DDR4,512,0,Windows,64,2,Casual,13.3,1,Yes,Yes,76990,99203,22,4.4,14,2
558,DELL,Inspiron,Intel,Core i5,11th,8,DDR4,256,1024,Windows,64,2,Casual,15.6,0,No,No,66490,88519,24,3.8,6,1
561,Lenovo,Ideapad,Intel,Core i5,11th,8,DDR4,512,0,Windows,64,0,Casual,15.6,2,No,Yes,62998,79890,21,4.3,739,71
562,ASUS,Core,Intel,Core i3,11th,8,DDR4,256,0,Windows,32,0,Casual,15.6,0,No,No,41990,52990,20,0,0,0
563,DELL,Inspiron,Intel,Core i5,11th,16,DDR4,512,0,Windows,64,0,Casual,14,1,Yes,Yes,77990,98200,20,4.5,31,5
565,MICROSOFT,Surface,Intel,Core i5,8th,8,DDR3,128,0,Windows,64,0,Casual,13.5,0,Yes,No,91999,0,0,4.5,49,8
567,Lenovo,Ideapad,Intel,Core i3,10th,4,DDR4,256,0,Windows,64,0,Casual,15.6,2,No,Yes,39999,59999,33,0,0,0
568,HP,Spectre,Intel,Core i5,10th,8,DDR4,512,0,Windows,64,0,Casual,13.3,1,Yes,Yes,114990,122803,6,4.4,145,19
572,DELL,DELL,Intel,Core i5,10th,8,DDR4,512,0,Windows,64,2,Casual,15.6,1,No,Yes,65990,75800,12,0,0,0
573,DELL,Inspiron,Intel,Core i5,11th,16,DDR4,512,0,Windows,64,2,Casual,14,1,No,Yes,88990,90605,1,3.8,19,2
574,DELL,Inspiron,Intel,Core i7,11th,16,DDR4,1024,0,Windows,64,2,Casual,15.6,1,No,Yes,93955,122300,23,4.8,4,0
576,LG,Gram,Intel,Core i5,10th,8,DDR4,256,0,Windows,64,0,Casual,14,0,No,No,62990,99000,36,4.6,68,20
577,ASUS,ROG,Intel,Core i7,10th,32,DDR4,1024,0,Windows,64,8,Casual,15.6,0,No,No,234990,324990,27,0,0,0
578,DELL,Vostro,Intel,Core i3,11th,4,DDR4,256,1024,Windows,64,0,ThinNlight,14,1,No,Yes,43590,57863,24,0,0,0
579,ASUS,Commercial,Intel,Core i3,10th,4,DDR4,256,0,Windows,32,0,Casual,14,0,No,No,39990,47990,16,0,0,0
580,HP,Spectre,Intel,Core i7,11th,16,LPDDR4X,1024,0,Windows,64,0,Casual,13.3,1,Yes,Yes,128500,152042,15,3.7,3,1
581,Lenovo,X390,Intel,Core i5,10th,8,DDR4,512,0,Windows,64,0,Casual,13.3,0,No,No,113590,120000,5,0,0,0
582,DELL,Vostro,Intel,Core i3,10th,4,DDR4,256,1024,Windows,64,0,ThinNlight,14,1,No,Yes,41390,51976,20,4.2,56,7
583,ASUS,Core,Intel,Core i3,10th,8,DDR4,0,1024,Windows,32,0,ThinNlight,14,0,No,No,35590,45990,22,3.4,12,1
584,Mi,Notebook,Intel,Core i5,10th,8,DDR4,512,0,Windows,64,2,Casual,14,1,No,No,54990,59999,8,4.3,545,74
585,ASUS,Core,Intel,Core i7,11th,8,DDR4,256,1024,Windows,32,0,ThinNlight,15.6,0,No,No,82500,98990,16,0,0,0
586,DELL,Inspiron,Intel,Core i5,11th,8,DDR4,256,0,Windows,64,0,ThinNlight,15.6,0,No,No,55990,71578,21,3.3,3,0
587,ASUS,VivoBook,Intel,Core i5,11th,8,LPDDR4X,512,0,Windows,64,0,Casual,14,1,Yes,Yes,73990,84990,12,4.2,32,6
588,ASUS,Vivobook,Intel,Core i3,11th,8,DDR4,512,0,Windows,64,0,Casual,15.6,1,No,No,44890,56999,21,3.9,7,0
591,Lenovo,Yoga,Intel,Core i7,11th,16,DDR4,1024,0,Windows,64,0,Casual,14,1,Yes,Yes,102990,104033,1,4.4,16,2
592,Lenovo,Ideapad,Intel,Core i3,11th,8,DDR4,256,0,Windows,64,0,Casual,15.6,0,No,No,39998,60090,33,4.2,10,1
593,HP,Pavilion,Intel,Core i7,11th,16,DDR4,512,0,Windows,64,4,Gaming,15.6,1,No,Yes,92000,113019,18,4.5,8,1
595,LG,Gram,Intel,Core i5,11th,8,DDR4,512,0,Windows,64,0,ThinNlight,16,0,No,No,86990,130000,33,0,0,0
597,MSI,GF63,Intel,Core i5,10th,8,DDR4,0,1024,Windows,64,4,Casual,15.6,2,No,No,52990,72990,27,4.1,1114,137
598,HP,Core,Intel,Core i5,11th,8,DDR4,512,0,Windows,64,0,ThinNlight,15.6,1,No,Yes,61000,68000,10,4.3,1124,100
600,ASUS,ZenBook,Intel,Core i5,11th,8,LPDDR4X,512,0,Windows,64,0,Casual,14,1,Yes,No,99990,122990,18,4.9,35,6
602,acer,Predator,Intel,Core i7,10th,16,DDR4,256,1024,Windows,64,6,Casual,15.6,1,No,No,119990,140990,14,4.6,2038,313
604,Lenovo,ThinkPad,Intel,Core i5,11th,8,DDR4,512,0,Windows,64,0,ThinNlight,15.6,1,No,Yes,67990,76915,11,4.8,9,0
607,DELL,G3,Intel,Core i5,10th,8,DDR4,256,1024,Windows,64,4,Casual,15.6,0,No,No,77900,82300,5,4.3,179,34
608,DELL,Inspiron,Intel,Core i5,11th,8,DDR4,512,0,Windows,64,0,Casual,14,1,Yes,Yes,70799,89564,20,4.7,98,6
611,Lenovo,Core,Intel,Core i5,7th,4,DDR4,0,1024,Windows,32,2,Casual,14,0,No,No,57999,82999,30,0,0,0
612,Lenovo,B50-70,Intel,Core i5,4th,8,DDR3,0,1024,Windows,64,0,Casual,15.6,0,No,No,52490,0,0,3.8,78,17
613,ASUS,ZenBook,Intel,Core i7,11th,16,LPDDR4X,1024,0,Windows,64,0,Casual,14,1,Yes,No,119990,158990,24,4.8,8,1
614,Lenovo,Ideapad,Intel,Core i5,8th,4,DDR4,0,1024,Windows,64,4,Casual,15.6,1,No,No,56990,62594,8,4,21,5
615,Lenovo,ThinkPad,Intel,Core i5,11th,8,DDR4,512,0,Windows,64,0,ThinNlight,15.6,1,No,Yes,65990,75879,13,4.1,31,2
616,acer,Swift,Intel,Core i5,8th,8,DDR3,256,0,Windows,64,0,ThinNlight,14,1,Yes,Yes,81998,82799,0,4,14,3
618,ASUS,VivoBook,Intel,Core i5,8th,8,DDR4,512,0,Windows,64,0,ThinNlight,14,1,No,No,53690,58990,8,4.4,19,3
620,MSI,WF65,Intel,Core i7,10th,16,DDR4,256,1024,Windows,64,4,Casual,15.6,3,No,No,159990,179990,11,0,0,0
624,MSI,Modern,Intel,Core i5,11th,8,DDR4,512,0,Windows,64,0,ThinNlight,14,1,No,No,55990,67990,17,0,0,0
625,ASUS,Zephyrus,Intel,Core i9,11th,32,DDR4,3072,0,Windows,32,6,Casual,17.3,1,No,No,441990,0,0,5,1,1
626,ASUS,Vivobook,Intel,Core i5,11th,8,DDR4,512,0,Windows,64,0,Casual,15.6,1,No,Yes,53190,69990,24,4.5,11,0
627,Lenovo,IdeaPad,Intel,Core i5,10th,8,DDR4,512,0,Windows,32,2,Casual,15.6,2,No,Yes,58999,65999,10,4.4,45,3
628,ASUS,F17,Intel,Core i5,11th,8,DDR4,1024,0,Windows,64,4,Casual,17.3,0,No,No,84500,105000,19,4.3,3,0
629,Lenovo,Core,Intel,Core i3,10th,8,DDR4,256,0,Windows,32,0,Casual,15.6,0,No,No,41990,49800,15,3.7,3,0
630,ASUS,Core,Intel,Core i7,11th,16,DDR4,1024,0,Windows,32,6,Casual,15.6,0,No,No,120980,149999,19,0,0,0
631,DELL,Inspiron,Intel,Core i5,11th,8,DDR4,512,0,Windows,64,2,ThinNlight,15.6,3,No,No,71990,86000,16,0,0,0
633,HP,Core,Intel,Core i5,11th,8,DDR4,512,0,Windows,32,4,Casual,16.1,0,No,No,82000,89000,7,0,0,0
634,ASUS,Core,Intel,Core i3,11th,8,DDR4,256,0,Windows,32,0,Casual,15.6,0,No,No,48490,58990,17,0,0,0
635,ASUS,VivoBook,Intel,Core i3,10th,8,DDR4,0,1024,Windows,64,0,ThinNlight,15.6,1,No,Yes,38990,45990,15,4,1850,216
636,ASUS,Zephyrus,Intel,Core i7,11th,16,DDR4,1024,0,Windows,32,6,Casual,16,1,No,No,157249,220990,28,4.3,7,0
639,ASUS,ZenBook,Intel,Core i5,11th,16,LPDDR4X,512,0,Windows,64,0,ThinNlight,13.3,0,No,No,84990,104990,19,0,0,0
640,DELL,Inspiron,Intel,Core i5,11th,8,DDR4,256,1024,Windows,64,2,Casual,15.6,0,No,No,67490,82600,18,3.8,41,5
643,Lenovo,Core,Intel,Core i7,9th,16,DDR4,1024,0,Windows,64,4,ThinNlight,15.6,0,No,No,229900,272000,15,0,0,0
644,HP,Core,Intel,Core i3,11th,8,DDR4,256,0,Windows,64,0,ThinNlight,14,1,No,Yes,44376,45376,2,4.2,1090,96
645,HP,Spectre,Intel,Core i7,10th,16,DDR4,512,0,Windows,64,0,Casual,13.3,1,Yes,No,162990,192977,15,3.3,3,1
649,Lenovo,Thinpad,Intel,Core i5,11th,8,DDR4,512,0,Windows,64,2,Casual,15.6,0,No,No,89998,101525,11,0,0,0
650,DELL,XPS,Intel,Core i7,11th,16,LPDDR4X,512,0,Windows,64,0,ThinNlight,13.3,1,No,Yes,135300,135553,0,5,5,2
651,MSI,Modern,Intel,Core i7,11th,8,DDR4,512,0,Windows,64,0,Casual,14,0,No,No,64990,78990,17,4.4,33,5
652,acer,Aspire,Intel,Core i5,8th,8,DDR4,0,1024,Windows,64,2,ThinNlight,15.6,1,No,No,61990,62549,0,4.1,73,21
654,ASUS,ZenBook,Intel,Core i5,11th,8,LPDDR4X,512,0,Windows,64,0,Casual,14,1,Yes,No,99990,122990,18,0,0,0
655,ASUS,VivoBook,Intel,Core i3,10th,4,DDR4,512,0,Windows,64,0,Casual,14,1,No,No,41490,49990,17,4.4,4008,519
656,ASUS,ASUS,Intel,Core i7,11th,16,DDR4,1024,0,Windows,64,6,Casual,15.6,1,No,No,131500,175000,24,0,0,0
657,ASUS,Zenbook,Intel,Core i5,11th,8,LPDDR4X,512,0,Windows,64,0,ThinNlight,13.3,0,No,No,84990,110990,23,0,0,0
658,Lenovo,IdeaPad,Intel,Core i5,10th,8,DDR4,512,0,Windows,64,4,Gaming,15.6,0,No,No,69899,73899,5,4.3,474,37
659,DELL,Vostro,Intel,Core i5,11th,8,DDR4,256,1024,Windows,64,0,ThinNlight,14,1,No,Yes,61990,68900,10,0,0,0
660,DELL,Inpiron,Intel,Core i5,10th,8,DDR4,512,0,Windows,64,4,Casual,15.6,1,No,No,79990,117587,31,0,0,0
662,DELL,GAMING,Intel,Core i5,10th,8,DDR4,512,0,Windows,64,4,Casual,15.6,1,No,No,76300,79999,4,4.2,6,0
663,DELL,Vostro,Intel,Core i3,10th,4,DDR4,256,1024,Windows,64,0,ThinNlight,14,1,No,Yes,44290,57858,23,0,0,0
664,DELL,Core,Intel,Core i5,11th,8,DDR4,0,1024,Windows,32,0,Casual,15,0,No,No,58090,59990,3,0,0,0
667,Lenovo,Ideapad,Intel,Core i5,10th,8,DDR4,512,0,Windows,64,0,Casual,15.6,1,No,Yes,55999,89999,37,0,0,0
668,DELL,Inspiron,Intel,Core i5,11th,8,DDR4,512,0,Windows,64,0,ThinNlight,14,0,No,No,72900,74900,2,3.9,24,4
669,Lenovo,ThinkPad,Intel,Core i7,10th,16,DDR4,512,0,Windows,64,0,ThinNlight,13.3,3,No,No,174527,0,0,0,0,0
670,DELL,Inspiron,Intel,Core i5,11th,8,DDR4,512,0,Windows,64,0,Casual,14,1,Yes,Yes,73990,92600,20,4.5,195,17
671,Lenovo,ThinkPad,Intel,Core i5,10th,8,DDR4,512,512,Windows,64,0,ThinNlight,14,3,Yes,No,125394,146680,14,0,0,0
674,DELL,Inspiron,Intel,Core i3,11th,8,DDR4,256,1024,Windows,64,0,Casual,15.6,1,No,No,48999,57095,14,0,0,0
675,ASUS,ZenBook,Intel,Core i5,11th,16,LPDDR4,512,0,Windows,64,0,ThinNlight,13.3,0,No,No,84990,104990,19,0,0,0
676,DELL,Core,Intel,Core i5,11th,16,DDR4,512,0,Windows,32,2,Casual,15.6,0,No,No,73519,88400,16,0,0,0
678,ASUS,ExpertBook,Intel,Core i7,10th,16,LPDDR3,1024,0,Windows,64,0,Casual,14,0,No,No,154990,172990,10,5,3,0
679,HP,Spectre,Intel,Core i5,10th,8,DDR4,512,0,Windows,64,0,Casual,13.3,1,Yes,No,126000,152042,17,5,2,1
680,Lenovo,ThinkPad,Intel,Core i7,10th,8,DDR4,512,0,Windows,64,0,ThinNlight,13.3,0,No,No,162299,178999,9,0,0,0
681,ASUS,Core,Intel,Core i3,10th,4,DDR4,0,1024,Windows,32,0,ThinNlight,15.6,0,No,No,33990,39990,15,3.7,43,7
683,ASUS,ExpertBook,Intel,Core i5,10th,8,DDR4,512,0,Missing,32,2,Casual,14,0,No,No,69990,0,0,0,0,0
684,LG,Gram,Intel,Core i5,11th,8,DDR4,256,0,Windows,64,0,ThinNlight,14,0,No,No,76990,106000,27,0,0,0
685,ASUS,ASUS,Intel,Core i5,11th,16,DDR4,512,0,Windows,64,6,Casual,15.6,1,No,No,88990,129990,31,0,0,0
689,HP,HP,Intel,Core i5,11th,16,DDR4,512,0,Windows,64,0,ThinNlight,13.5,1,Yes,Yes,114999,138166,16,0,0,0
690,DELL,Core,Intel,Core i3,11th,8,DDR4,256,0,Windows,32,0,Casual,15.6,0,No,No,43900,57095,23,0,0,0
692,DELL,Inspiron,Intel,Core i5,11th,16,DDR4,512,0,Windows,64,2,Casual,14,1,Yes,Yes,82990,94600,12,4.5,21,2
693,DELL,INSPIRON,Intel,Core i3,11th,8,DDR4,256,0,Windows,64,0,Casual,15.6,1,No,No,46690,57095,18,0,0,0
694,acer,Intel,Intel,Core i5,11th,8,DDR4,512,0,Windows,64,0,ThinNlight,14,0,Yes,No,109999,0,0,0,0,0
696,ASUS,ExpertBook,Intel,Core i7,10th,16,LPDDR3,1024,0,Windows,64,0,Casual,14,0,No,No,165990,202990,18,0,0,0
697,Lenovo,Yoga,Intel,Core i5,11th,16,DDR4,512,0,Windows,64,0,ThinNlight,14,1,Yes,Yes,82990,117490,29,0,0,0
698,ASUS,ExpertBook,Intel,Core i5,10th,8,DDR4,0,1024,Windows,64,0,Casual,14,0,No,No,56990,70990,19,0,0,0
699,Lenovo,Yoga,Intel,Core i7,10th,16,LPDDR4X,1024,0,Windows,64,0,ThinNlight,14,0,No,No,119990,148082,18,2.5,2,1
700,DELL,Inspiron,Intel,Core i5,11th,8,DDR4,512,0,Windows,64,2,Casual,14,1,Yes,Yes,79990,88600,9,4.8,5,0
702,DELL,Inspiron,Intel,Core i7,10th,8,DDR4,512,0,Windows,64,0,Casual,13.3,1,Yes,Yes,109190,119442,8,0,0,0
703,DELL,Inspiron,Intel,Core i3,10th,8,DDR4,0,1024,Windows,64,0,Casual,15.6,1,No,Yes,43400,49000,11,4.1,231,26
704,ASUS,ZenBook,Intel,Core i5,11th,16,LPDDR4X,512,0,Windows,64,0,Casual,14,1,Yes,No,114990,140990,18,0,0,0
705,HP,Spectre,Intel,Core i5,11th,16,LPDDR4X,512,0,Windows,64,0,Casual,13.5,1,Yes,No,129999,155436,16,0,0,0
706,Lenovo,Core,Intel,Core i3,10th,4,DDR4,256,0,Windows,32,0,Casual,15.6,0,No,No,40990,48900,16,5,1,1
707,Lenovo,Core,Intel,Core i3,10th,4,DDR4,0,1024,Missing,64,0,Casual,15,0,No,No,38999,42705,8,3.8,65,5
708,HP,15s,Intel,Core i3,11th,8,DDR4,512,0,Windows,32,0,ThinNlight,15.6,1,No,No,50990,51748,1,0,0,0
709,DELL,Inspiron,Intel,Core i5,11th,4,DDR4,256,1024,Windows,64,0,Casual,15.6,1,No,Yes,58990,61990,4,4.3,114,9
711,HP,Pavilion,Intel,Core i7,11th,16,DDR4,512,0,Windows,64,0,Casual,14,1,Yes,Yes,99999,102500,2,0,0,0
712,acer,Aspire,Intel,Core i5,8th,8,DDR4,0,1024,Windows,64,0,ThinNlight,15.6,1,No,No,61597,0,0,0,0,0
713,DELL,Inspiron,Intel,Core i5,11th,16,DDR4,512,0,Windows,64,2,Casual,15.6,0,No,No,71290,95136,25,0,0,0
715,Lenovo,IdeaPad,Intel,Core i5,10th,8,DDR4,256,1024,Windows,64,4,Gaming,15.6,0,No,No,74999,75500,0,4.3,268,25
717,MSI,Prestige,Intel,Core i7,10th,16,DDR4,512,0,Windows,64,2,Casual,14,1,No,No,104990,123990,15,4,85,9
719,HP,15s,Intel,Core i3,10th,8,DDR4,0,1024,Windows,64,0,ThinNlight,15.6,1,No,Yes,40750,43090,5,4.1,1096,116
720,DELL,Vostro,Intel,Core i3,11th,4,DDR4,256,1024,Windows,64,0,ThinNlight,14,1,No,Yes,39990,45810,12,3.9,170,11
721,ASUS,Pro,Intel,Core i5,8th,8,DDR4,0,1024,Windows,64,0,ThinNlight,14,0,No,No,81990,0,0,0,0,0
722,ASUS,ExpertBook,Intel,Core i7,10th,16,LPDDR3,1024,0,Windows,64,0,Casual,14,0,No,No,167990,202990,17,0,0,0
724,DELL,Inspiron,Intel,Core i5,10th,8,DDR4,512,0,Windows,64,0,ThinNlight,14,1,No,Yes,79500,99433,20,4.3,10,1
725,ASUS,ExpertBook,Intel,Core i7,10th,8,DDR4,0,1024,Windows,64,2,Casual,14,0,No,No,93990,0,0,0,0,0
726,DELL,Inspiron,Intel,Core i5,10th,8,DDR4,512,0,Windows,64,2,Casual,14,1,No,Yes,82990,107786,23,3.7,15,3
728,ASUS,ExpertBook,Intel,Core i5,10th,4,DDR4,0,1024,Windows,64,0,Casual,14,0,No,No,61249,68990,11,0,0,0
729,DELL,Inspiron,Intel,Core i3,10th,8,DDR4,0,1024,Windows,64,0,ThinNlight,15.6,1,No,Yes,43000,46629,7,4.1,313,35
730,DELL,Inspiron,Intel,Core i5,11th,8,DDR4,512,0,Windows,64,2,Casual,15.6,1,No,Yes,70980,76094,6,4.4,138,23
732,ASUS,Core,Intel,Core i7,11th,16,LPDDR4X,512,0,Windows,64,0,ThinNlight,13.3,0,Yes,No,109990,134990,18,0,0,0
733,ASUS,ZenBook,Intel,Core i7,8th,16,DDR3,512,0,Windows,64,0,ThinNlight,13.3,1,No,No,99990,122990,18,4.3,30,7
735,ASUS,ZenBook,Intel,Core i5,11th,8,LPDDR4X,512,0,Windows,64,0,Casual,14,1,Yes,No,99990,122990,18,0,0,0
736,ASUS,Pro,Intel,Core i7,8th,8,DDR4,256,1024,Windows,64,0,ThinNlight,14,0,No,No,98912,0,0,0,0,0
737,HP,Core,Intel,Core i3,11th,8,DDR4,512,0,Windows,64,0,ThinNlight,15.6,1,No,Yes,48900,50000,2,4.3,1278,135
738,HP,Spectre,Intel,Core i5,8th,8,DDR4,256,0,Windows,64,0,Casual,13.3,1,Yes,Yes,136590,151133,9,0,0,0
739,Lenovo,Core,Intel,Core i7,8th,16,DDR4,512,0,Windows,64,2,ThinNlight,14,0,No,No,244801,0,0,0,0,0
740,DELL,Inspiron,Intel,Core i3,10th,8,DDR4,256,0,Windows,64,0,ThinNlight,15.6,1,No,No,39990,49821,19,4,44,2
744,ASUS,ExpertBook,Intel,Core i7,10th,16,LPDDR3,2048,0,Windows,64,0,Casual,14,0,No,No,233990,0,0,0,0,0
745,HP,Spectre,Intel,Core i7,11th,16,LPDDR4X,1024,0,Windows,64,0,Casual,13.5,1,Yes,No,165000,198825,17,0,0,0
746,DELL,Core,Intel,Core i5,11th,16,DDR4,512,0,Windows,64,2,Casual,14,0,Yes,No,82990,94890,12,4.4,16,3
747,DELL,Inspiron,Intel,Core i7,8th,8,DDR4,256,0,Windows,64,4,Casual,13.3,1,No,Yes,87990,88532,0,4.1,120,21
748,ASUS,ZenBook,Intel,Core i7,11th,16,LPDDR4X,512,0,Windows,64,0,ThinNlight,13.3,0,No,No,94990,122990,22,0,0,0
749,MSI,Prestige,Intel,Core i5,11th,16,LPDDR4X,512,0,Windows,64,0,Casual,14,1,No,No,79990,93489,14,4.9,11,4
752,Lenovo,Ideapad,Intel,Core i7,8th,8,DDR4,512,0,Windows,64,0,ThinNlight,13.3,1,No,Yes,86000,0,0,0,0,0
753,ASUS,Pro,Intel,Core i5,8th,8,DDR4,512,0,Windows,64,0,ThinNlight,14,0,No,No,85990,88990,3,0,0,0
754,ASUS,ExpertBook,Intel,Core i5,10th,8,DDR4,512,0,Windows,64,2,Casual,14,0,No,No,86990,0,0,0,0,0
755,ASUS,ZenBook,Intel,Core i5,10th,8,LPDDR3,512,0,Windows,64,2,Casual,14,1,No,Yes,105990,0,0,5,4,0
756,ASUS,Vivo,Intel,Core i3,10th,4,DDR4,0,1024,Windows,64,0,Casual,15.6,0,No,No,38000,42990,11,4.7,7,0
757,Lenovo,Core,Intel,Core i7,10th,16,DDR4,512,0,Windows,32,2,Casual,12,0,No,No,162399,206997,21,0,0,0
758,Lenovo,V15,Intel,Core i3,11th,4,DDR4,256,0,Windows,64,0,ThinNlight,15.6,0,No,No,43990,50250,12,0,0,0
762,ASUS,VivoBook,Intel,Core i3,10th,4,DDR4,512,0,Windows,64,0,Casual,14,1,No,No,40990,49990,18,4.4,4008,519
763,ASUS,ExpertBook,Intel,Core i5,10th,8,LPDDR3,512,0,Windows,64,0,Casual,14,0,No,No,84990,141990,40,0,0,0
764,ASUS,Vivobook,Intel,Core i3,11th,4,DDR4,256,0,Windows,64,0,ThinNlight,14,1,No,No,36990,44990,17,4.5,70,9
766,Lenovo,Ideapad,Intel,Core i5,8th,8,DDR4,512,0,Windows,64,2,Casual,15.6,1,No,Yes,59999,80000,25,4.4,22,3
767,DELL,Core,Intel,Core i5,11th,8,DDR4,0,1024,Windows,32,0,Casual,14,0,No,No,58990,68900,14,0,0,0
768,HP,Core,Intel,Core i7,11th,8,DDR4,512,0,Windows,32,0,Casual,14,0,No,No,119599,195000,38,0,0,0
771,DELL,Vostro,Intel,Core i3,10th,8,DDR4,512,0,Windows,64,0,Casual,15.6,0,No,No,41790,54784,23,0,0,0
772,Lenovo,Yoga,Intel,Core i5,11th,16,DDR4,512,0,Windows,64,0,Casual,14,1,No,Yes,91999,92000,0,4.6,16,2
773,Lenovo,Ideapad,Intel,Core i3,11th,8,DDR4,512,0,Windows,64,0,Casual,14,1,Yes,Yes,57999,85000,31,3.4,10,2
774,Lenovo,Core,Intel,Core i7,10th,16,LPDDR3,512,0,Windows,64,0,ThinNlight,14,0,No,No,211753,214760,1,0,0,0
775,ASUS,VivoBook,Intel,Core i5,11th,8,DDR4,256,1024,Windows,64,0,Casual,15.6,1,No,Yes,68900,78999,12,5,6,1
777,DELL,Inspiron,Intel,Core i5,11th,16,DDR4,512,0,Windows,64,0,Casual,14,1,Yes,Yes,78900,84900,7,3.6,16,1
778,ASUS,ExpertBook,Intel,Core i5,10th,8,DDR4,0,1024,Windows,64,2,Casual,14,0,No,No,83990,0,0,0,0,0
779,ASUS,ExpertBook,Intel,Core i5,10th,8,LPDDR3,512,0,Windows,64,0,Casual,14,0,No,No,132790,172990,23,0,0,0
785,ASUS,ExpertBook,Intel,Core i5,10th,8,DDR4,0,1024,Missing,32,2,Casual,14,0,No,No,58799,77990,24,0,0,0
786,DELL,Inspiron,Intel,Core i3,11th,8,DDR4,0,1024,Windows,64,0,ThinNlight,14.96,1,No,Yes,37990,51493,26,3.7,265,46
788,Nokia,PureBook,Intel,Core i5,11th,16,DDR4,512,0,Windows,64,0,ThinNlight,14,0,No,No,55990,82990,32,4.1,117,31
789,Lenovo,Core,Intel,Core i5,10th,4,DDR4,0,1024,Missing,32,0,Casual,14,0,No,No,49999,59000,15,0,0,0
793,DELL,Core,Intel,Core i3,11th,8,DDR4,256,0,Windows,64,0,Casual,15.6,1,No,No,48500,58493,17,0,0,0
795,DELL,Inspiron,Intel,Core i5,11th,8,LPDDR4X,1024,0,Windows,64,0,ThinNlight,13.3,0,No,No,74190,83417,11,4.5,21,3
796,HP,250-G6,Intel,Core i5,7th,4,DDR4,0,1024,Missing,32,2,Casual,15.6,0,No,No,46200,0,0,4.2,47,7
797,HP,Pavilion,Intel,Core i5,8th,8,DDR4,0,1024,Windows,64,2,Casual,15.6,1,No,Yes,64990,68270,4,4.3,23,4
799,Lenovo,IdeaPad,Intel,Core i5,11th,8,DDR4,512,0,Windows,64,4,Gaming,15.6,0,No,No,60990,93690,34,3.9,14,6
801,Lenovo,Intel,Intel,Core i7,11th,16,DDR4,512,0,Windows,32,0,Casual,14,0,No,No,110999,139000,20,0,0,0
804,DELL,Inspiron,Intel,Core i5,11th,8,DDR4,256,1024,Windows,64,2,Casual,15.6,0,No,No,71695,75732,5,4.2,153,16
805,Avita,Liber,Intel,Core i5,7th,8,DDR4,512,0,Windows,64,0,ThinNlight,13.3,0,No,No,65556,79990,18,0,0,0
807,HP,DA,Intel,Core i3,7th,8,DDR4,0,1024,Windows,64,2,Casual,15.6,0,No,No,49279,0,0,4.5,38,3
809,ASUS,ASUS,Intel,Core i9,11th,16,DDR4,1024,0,Windows,64,6,Gaming,15.6,1,No,No,139990,144990,3,0,0,0
810,Avita,Liber,Intel,Core i7,10th,16,DDR4,1024,0,Windows,64,0,ThinNlight,14,0,No,No,62990,83390,24,3.9,207,49
812,Lenovo,ThinkBook,Intel,Core i7,11th,16,LPDDR4,1024,0,Windows,64,0,Casual,13,1,No,Yes,85990,148158,41,3.4,7,2
813,Lenovo,Core,Intel,Core i3,10th,8,DDR4,0,1024,Windows,32,0,Casual,15.6,0,No,No,38999,50990,23,3.6,7,2
814,DELL,Inspiron,Intel,Core i5,11th,16,DDR4,512,0,Windows,64,0,ThinNlight,15.6,0,No,No,70190,90783,22,3.5,6,3
816,DELL,Core,Intel,Core i5,11th,8,DDR4,512,0,Windows,64,2,Casual,14,1,Yes,No,79590,106082,24,0,0,0
819,Avita,Liber,Intel,Core i5,7th,8,DDR4,512,0,Windows,64,0,ThinNlight,13.3,0,No,No,65556,79990,18,0,0,0
821,ASUS,TUF,Intel,Core i5,11th,8,DDR4,512,0,Windows,64,4,Casual,15.6,1,No,No,76990,105990,27,0,0,0
822,ASUS,Vivobook,Intel,Core i3,11th,8,DDR4,256,0,Windows,64,0,Casual,15.6,0,No,No,48990,58990,16,0,0,0
823,HP,HP,Intel,Core i7,11th,16,DDR4,1024,0,Windows,64,2,Casual,13.3,1,No,Yes,94990,160134,40,0,0,0
824,Nokia,PureBook,Intel,Core i5,11th,8,DDR4,512,0,Windows,64,0,ThinNlight,14,0,No,No,52790,82990,36,4,5,0
825,DELL,Core,Intel,Core i7,11th,16,DDR4,512,0,Windows,64,4,Casual,15.6,1,No,No,99990,128665,22,0,0,0
826,HP,Omen,Intel,Core i7,11th,16,DDR4,1024,0,Windows,64,6,Casual,16.1,1,No,Yes,136990,157563,13,0,0,0
827,DELL,Inspiron,Intel,Core i3,11th,8,DDR4,512,0,Windows,64,0,ThinNlight,15.6,0,No,No,45930,58229,21,0,0,0
829,HP,Pavilion,Intel,Core i3,11th,8,DDR4,512,0,Windows,64,0,Casual,14,1,Yes,Yes,55490,65853,15,4.3,143,15
830,Avita,Liber,Intel,Core i5,7th,8,DDR4,512,0,Windows,64,0,ThinNlight,13.3,0,No,No,65556,79990,18,0,0,0
833,Lenovo,Legion,Intel,Core i7,10th,16,DDR4,1024,0,Windows,64,8,Casual,15.6,1,No,Yes,234990,349890,32,0,0,0
834,HP,x360,Intel,Core i3,11th,8,DDR4,256,0,Missing,64,0,Casual,14,1,Yes,No,56490,64923,12,0,0,0
835,Avita,Liber,Intel,Core i5,8th,8,DDR4,512,0,Windows,64,0,ThinNlight,14,0,No,No,44990,76990,41,3.4,17,3
836,ASUS,Intel,Intel,Core i5,11th,8,DDR4,512,0,Windows,64,0,Casual,13.3,1,Yes,Yes,84990,115990,26,3.9,17,2
838,HP,15q,Intel,Core i5,8th,8,DDR4,0,1024,Windows,64,0,Casual,15.6,1,No,No,46790,50190,6,4.2,3062,325
839,Smartron,t.book,Intel,Core i5,7th,4,DDR3,128,0,Windows,64,0,Casual,12.2,0,Yes,No,52990,55999,5,3.9,28,4
844,Lenovo,Ideapad,Intel,Core i5,10th,8,DDR4,512,0,Windows,64,2,Casual,14,1,Yes,Yes,86999,109000,20,4.7,3,0
845,HP,Pavilion,Intel,Core i3,8th,4,DDR4,256,0,Windows,64,0,Casual,14,1,Yes,Yes,54238,0,0,4.4,71,8
848,HP,Core,Intel,Core i5,7th,4,DDR4,0,1024,Windows,64,0,Casual,15.6,1,No,No,44599,0,0,4.1,122,12
849,ASUS,Core,Intel,Core i3,11th,8,DDR4,0,1024,Windows,32,0,Casual,15.6,0,No,No,41500,51990,20,3,4,0
850,ASUS,ZenBook,Intel,Core i7,8th,8,LPDDR3,512,0,Windows,64,0,ThinNlight,13.3,1,No,No,81990,102987,20,4.3,40,4
851,acer,Core,Intel,Core i3,11th,4,DDR4,0,1024,Windows,32,0,Casual,15.6,0,No,No,36999,45000,17,0,0,0
852,HP,Pavilion,Intel,Core i5,11th,16,DDR4,512,0,Windows,64,2,Casual,15.6,1,No,No,78000,89000,12,4.4,512,85
853,DELL,Core,Intel,Core i3,11th,8,DDR4,0,1024,Windows,32,0,Casual,15.6,0,No,No,42900,55351,22,0,0,0
854,Lenovo,ThinkBook,Intel,Core i5,11th,8,DDR4,1024,0,Windows,64,0,ThinNlight,13.3,1,No,Yes,64990,121608,46,3,4,0
855,ASUS,ExpertBook,Intel,Core i3,10th,4,DDR4,0,1024,Missing,64,0,Casual,15.6,0,No,No,34649,41990,17,2.3,3,0
856,Avita,Liber,Intel,Core i5,8th,8,DDR4,512,0,Windows,64,0,ThinNlight,14,0,No,No,73063,76990,5,3.4,17,3
857,Avita,Liber,Intel,Core i5,8th,8,DDR4,512,0,Windows,64,0,ThinNlight,14,0,No,No,73063,76990,5,3.4,17,3
858,Smartron,t.book,Intel,Core m3,7th,4,DDR3,128,0,Windows,64,0,Casual,12.2,0,Yes,No,42990,45990,6,3.5,25,6
859,DELL,Inspiron,Intel,Core i5,8th,8,DDR4,0,2048,Windows,64,2,Casual,15.6,1,No,Yes,62317,0,0,4,377,53
860,HP,HP,Intel,Core i5,11th,16,DDR4,512,0,Windows,64,4,Casual,14,1,No,Yes,100990,113000,10,0,0,0
861,Lenovo,Ideapad,Intel,Core i5,8th,8,DDR4,512,0,Windows,64,0,ThinNlight,13.3,1,No,Yes,74990,83458,10,3.3,3,1
862,ASUS,ROG,Intel,Core i5,10th,8,DDR4,512,0,Windows,64,4,Casual,15.6,0,No,No,75990,101990,25,4.6,1365,137
863,acer,Swift,Intel,Core i5,8th,8,DDR4,256,0,Windows,64,0,ThinNlight,13.3,1,No,No,59490,65546,9,3.5,33,7
864,ASUS,Vivobook14,Intel,Core i5,11th,8,DDR4,256,0,Windows,64,0,ThinNlight,14.1,1,No,No,49800,66990,25,0,0,0
865,Lenovo,Core,Intel,Core i9,10th,16,DDR4,1024,0,Windows,32,8,Casual,15.6,0,No,No,265998,349890,23,0,0,0
867,MSI,GF63,Intel,Core i7,9th,8,DDR4,512,0,Windows,64,4,Casual,15.6,2,No,No,66990,104990,36,4.5,1639,230
869,Lenovo,Core,Intel,Core i5,11th,8,DDR4,512,0,Windows,32,2,Casual,15.6,1,No,Yes,84086,0,0,3.5,8,3
870,DELL,Insprion,Intel,Core i3,11th,8,DDR4,0,1024,Windows,32,0,Casual,15.6,0,No,No,41480,48990,15,3.8,25,4
871,ASUS,VivoBook,Intel,Core i3,10th,8,DDR4,0,1024,Windows,64,0,Casual,15.6,0,No,No,32990,43990,25,2,12,0
872,Lenovo,Ideapad,Intel,Core i5,11th,8,DDR4,256,0,Windows,64,0,Casual,15.6,1,No,Yes,61999,68999,10,2.8,4,0
873,acer,Swift,Intel,Core i5,8th,8,DDR4,0,1024,Windows,64,2,Casual,15.6,1,No,No,72964,73199,0,4.2,18,6
874,Avita,Liber,Intel,Core i7,8th,8,DDR4,256,0,Windows,64,0,ThinNlight,14,0,No,No,73990,79990,7,0,0,0
875,Avita,Liber,Intel,Core i7,8th,8,DDR4,256,0,Windows,64,0,ThinNlight,14,0,No,No,73990,79990,7,0,0,0
876,Avita,Liber,Intel,Core i7,8th,8,DDR4,256,0,Windows,64,0,ThinNlight,14,0,No,No,73990,79990,7,0,0,0
877,Avita,Liber,Intel,Core i7,8th,8,DDR4,256,0,Windows,64,0,ThinNlight,14,0,No,No,73990,79990,7,0,0,0
878,Avita,Liber,Intel,Core i7,8th,8,DDR4,256,0,Windows,64,0,ThinNlight,14,0,No,No,73990,79990,7,0,0,0
880,Avita,Liber,Intel,Core i7,8th,8,DDR4,256,0,Windows,64,0,ThinNlight,14,0,No,No,73990,79990,7,0,0,0
881,ASUS,Vivobook,Intel,Core i3,11th,8,DDR4,0,1024,Windows,64,0,Casual,15.6,1,No,No,38680,51990,25,3.2,17,1
886,acer,Aspire,Intel,Core i5,10th,8,DDR4,0,1024,Windows,64,2,Casual,15.6,1,No,No,56491,0,0,3.2,30,6
887,HP,15q,Intel,Core i3,7th,4,DDR4,0,1024,Missing,64,0,Casual,15.6,0,No,No,32955,0,0,4.2,311,27
889,acer,Travelmate,Intel,Core i5,11th,16,DDR4,256,1024,Windows,64,0,Casual,14,0,No,No,62490,85000,26,3.4,8,0
891,DELL,Core,Intel,Core i3,10th,8,DDR4,256,1024,Windows,64,0,ThinNlight,15.6,0,No,No,46390,59101,21,2.9,95,5
892,DELL,Core,Intel,Core i3,10th,8,DDR4,0,1024,Windows,64,0,ThinNlight,14.96,0,No,No,40390,54992,26,3.2,83,15
893,HP,Pavilion,Intel,Core i5,8th,8,DDR4,128,0,Windows,64,0,ThinNlight,13.3,1,No,No,76012,0,0,4.3,129,16
894,ASUS,Vivobook,Intel,Core i3,10th,4,DDR4,0,1024,Windows,64,0,ThinNlight,14.1,0,No,No,33990,39990,15,3.4,31,6
895,Lenovo,v15,Intel,Core i3,10th,4,DDR4,0,1024,Missing,64,0,Casual,15.6,0,No,No,39999,43999,9,3.1,8,1
